-- MySQL dump 10.13  Distrib 8.0.31, for Linux (x86_64)
--
-- Host: localhost    Database: emergency_supplies
-- ------------------------------------------------------
-- Server version	8.0.31

/*!40101 SET @OLD_CHARACTER_SET_CLIENT=@@CHARACTER_SET_CLIENT */;
/*!40101 SET @OLD_CHARACTER_SET_RESULTS=@@CHARACTER_SET_RESULTS */;
/*!40101 SET @OLD_COLLATION_CONNECTION=@@COLLATION_CONNECTION */;
/*!50503 SET NAMES utf8mb4 */;
/*!40103 SET @OLD_TIME_ZONE=@@TIME_ZONE */;
/*!40103 SET TIME_ZONE='+00:00' */;
/*!40014 SET @OLD_UNIQUE_CHECKS=@@UNIQUE_CHECKS, UNIQUE_CHECKS=0 */;
/*!40014 SET @OLD_FOREIGN_KEY_CHECKS=@@FOREIGN_KEY_CHECKS, FOREIGN_KEY_CHECKS=0 */;
/*!40101 SET @OLD_SQL_MODE=@@SQL_MODE, SQL_MODE='NO_AUTO_VALUE_ON_ZERO' */;
/*!40111 SET @OLD_SQL_NOTES=@@SQL_NOTES, SQL_NOTES=0 */;

--
-- Table structure for table `REQUIREMENT`
--

DROP TABLE IF EXISTS `REQUIREMENT`;
/*!40101 SET @saved_cs_client     = @@character_set_client */;
/*!50503 SET character_set_client = utf8mb4 */;
CREATE TABLE `REQUIREMENT` (
  `R_ID` int NOT NULL,
  `ITEM` varchar(25) DEFAULT NULL,
  `C_ID` int DEFAULT NULL,
  PRIMARY KEY (`R_ID`),
  KEY `C_ID` (`C_ID`),
  CONSTRAINT `REQUIREMENT_ibfk_2` FOREIGN KEY (`C_ID`) REFERENCES `USER` (`C_ID`)
) ENGINE=InnoDB DEFAULT CHARSET=utf8mb4 COLLATE=utf8mb4_0900_ai_ci;
/*!40101 SET character_set_client = @saved_cs_client */;

--
-- Dumping data for table `REQUIREMENT`
--

LOCK TABLES `REQUIREMENT` WRITE;
/*!40000 ALTER TABLE `REQUIREMENT` DISABLE KEYS */;
INSERT INTO `REQUIREMENT` VALUES (1,'BRUSH',1),(2,'BRUSH',2),(3,'NAPKIN',3),(4,'BRUSH',4),(5,'BOOKS',5),(6,'BRUSH',6),(7,'PASTE',1),(8,'SANITISER',2),(9,'PASTE',3),(10,'PASTE',4),(11,'MOUTHWASH',5),(12,'POWDER',6),(13,'RICE',1),(14,'RICE',2),(15,'WHEAT',3),(16,'WHEAT',4),(17,'RAGI',5),(18,'JOWAR',6),(19,'BAJRA',7),(20,'ROTI',8);
/*!40000 ALTER TABLE `REQUIREMENT` ENABLE KEYS */;
UNLOCK TABLES;

--
-- Table structure for table `USER`
--

DROP TABLE IF EXISTS `USER`;
/*!40101 SET @saved_cs_client     = @@character_set_client */;
/*!50503 SET character_set_client = utf8mb4 */;
CREATE TABLE `USER` (
  `C_ID` int NOT NULL,
  `ADDRESS` varchar(100) DEFAULT NULL,
  `PASS` varchar(10) NOT NULL,
  `NAME` varchar(25) NOT NULL,
  PRIMARY KEY (`C_ID`)
) ENGINE=InnoDB DEFAULT CHARSET=utf8mb4 COLLATE=utf8mb4_0900_ai_ci;
/*!40101 SET character_set_client = @saved_cs_client */;

--
-- Dumping data for table `USER`
--

LOCK TABLES `USER` WRITE;
/*!40000 ALTER TABLE `USER` DISABLE KEYS */;
INSERT INTO `USER` VALUES (1,'306, RAM MANDIR','11','ANA'),(2,'307, RAM MANDIR','12','GABRIEL'),(3,'308, RAM MANDIR','13','TANYA'),(4,'309, RAM MANDIR','14','DAVID'),(5,'310, RAM MANDIR','15','TALIA'),(6,'311, RAM MANDIR','16','LUCY'),(7,'312, RAM MANDIR','17','JACOB'),(8,'313, RAM MANDIR','18','OLA'),(9,'314, RAM MANDIR','19','EDWARD'),(10,'SHANTI NIVAS, 102','20','NIVEDITHA'),(11,'SHANTI NIVAS, 103','21','MATT'),(12,'SHANTI NIVAS, 104','22','GLOSS'),(13,'SHANTI NIVAS, 105','23','ROSE'),(14,'SHANTI NIVAS, 106','24','DAVY'),(15,'SHANTI NIVAS, 107','25','GOPAL'),(16,'SHANTI NIVAS, 108','26','DEEPAK'),(17,'GOPAL NAGAR,500','27','RIDAM'),(18,'GOPAL NAGAR,501','28','PRAKRITI'),(20,'GOPAL NAGAR,503','30','SHREYA');
/*!40000 ALTER TABLE `USER` ENABLE KEYS */;
UNLOCK TABLES;
/*!50003 SET @saved_cs_client      = @@character_set_client */ ;
/*!50003 SET @saved_cs_results     = @@character_set_results */ ;
/*!50003 SET @saved_col_connection = @@collation_connection */ ;
/*!50003 SET character_set_client  = utf8mb4 */ ;
/*!50003 SET character_set_results = utf8mb4 */ ;
/*!50003 SET collation_connection  = utf8mb4_0900_ai_ci */ ;
/*!50003 SET @saved_sql_mode       = @@sql_mode */ ;
/*!50003 SET sql_mode              = 'ONLY_FULL_GROUP_BY,STRICT_TRANS_TABLES,NO_ZERO_IN_DATE,NO_ZERO_DATE,ERROR_FOR_DIVISION_BY_ZERO,NO_ENGINE_SUBSTITUTION' */ ;
DELIMITER ;;
/*!50003 CREATE*/ /*!50017 DEFINER=`root`@`localhost`*/ /*!50003 TRIGGER `UPLOAD_TO_ARCHIVES` BEFORE DELETE ON `USER` FOR EACH ROW BEGIN
    INSERT INTO USER_ARCHIVES
    VALUES(OLD.C_ID,OLD.ADDRESS,OLD.PASS,OLD.NAME);
END */;;
DELIMITER ;
/*!50003 SET sql_mode              = @saved_sql_mode */ ;
/*!50003 SET character_set_client  = @saved_cs_client */ ;
/*!50003 SET character_set_results = @saved_cs_results */ ;
/*!50003 SET collation_connection  = @saved_col_connection */ ;

--
-- Table structure for table `USER_ARCHIVES`
--

DROP TABLE IF EXISTS `USER_ARCHIVES`;
/*!40101 SET @saved_cs_client     = @@character_set_client */;
/*!50503 SET character_set_client = utf8mb4 */;
CREATE TABLE `USER_ARCHIVES` (
  `C_ID` int NOT NULL,
  `ADDRESS` varchar(100) DEFAULT NULL,
  `PASS` varchar(10) NOT NULL,
  `NAME` varchar(25) NOT NULL
) ENGINE=InnoDB DEFAULT CHARSET=utf8mb4 COLLATE=utf8mb4_0900_ai_ci;
/*!40101 SET character_set_client = @saved_cs_client */;

--
-- Dumping data for table `USER_ARCHIVES`
--

LOCK TABLES `USER_ARCHIVES` WRITE;
/*!40000 ALTER TABLE `USER_ARCHIVES` DISABLE KEYS */;
INSERT INTO `USER_ARCHIVES` VALUES (19,'GOPAL NAGAR,502','29','DEEPIKA');
/*!40000 ALTER TABLE `USER_ARCHIVES` ENABLE KEYS */;
UNLOCK TABLES;

--
-- Table structure for table `VOLUNTEER`
--

DROP TABLE IF EXISTS `VOLUNTEER`;
/*!40101 SET @saved_cs_client     = @@character_set_client */;
/*!50503 SET character_set_client = utf8mb4 */;
CREATE TABLE `VOLUNTEER` (
  `V_ID` int NOT NULL,
  `NAME` varchar(25) DEFAULT NULL,
  `ADDRESS` varchar(100) DEFAULT NULL,
  `ITEM` varchar(20) DEFAULT NULL,
  `TRANSPORT` varchar(25) DEFAULT NULL,
  PRIMARY KEY (`V_ID`)
) ENGINE=InnoDB DEFAULT CHARSET=utf8mb4 COLLATE=utf8mb4_0900_ai_ci;
/*!40101 SET character_set_client = @saved_cs_client */;

--
-- Dumping data for table `VOLUNTEER`
--

LOCK TABLES `VOLUNTEER` WRITE;
/*!40000 ALTER TABLE `VOLUNTEER` DISABLE KEYS */;
INSERT INTO `VOLUNTEER` VALUES (1,'RAM','306, RAM MANDIR','BRUSH','AIR'),(2,'SHAM','307, RAM MANDIR','PASTE','AIR'),(3,'SANJ','308, RAM MANDIR','POWDER','AIR'),(4,'SHUBH','309, RAM MANDIR','BOOKS','AIR'),(5,'VINI','310, RAM MANDIR','NAPKIN','AIR'),(6,'JAYGE','311, RAM MANDIR','PENS','TRAIN'),(7,'VINOD','312, RAM MANDIR','PENCIL','TRAIN'),(8,'VIJAY','313, RAM MANDIR','TOWEL','TRAIN'),(9,'ROOPA','314, RAM MANDIR','MOUTHWASH','TRAIN'),(10,'ROOPESH','SHANTI NIVAS, 102','BOTTLE','TRAIN'),(11,'SOUNDARYA','SHANTI NIVAS, 103','SHIRTS','TRAIN'),(12,'GOURI','SHANTI NIVAS, 104','BRUSH','ROAD'),(13,'SRINI','SHANTI NIVAS, 105','PASTE','ROAD'),(14,'SUMA','SHANTI NIVAS, 106','POWDER','ROAD'),(15,'GOPI','SHANTI NIVAS, 107','PANTS','ROAD'),(16,'SRINIDHI','SHANTI NIVAS, 108','NAPKIN','SHIP'),(17,'EMMANUEL','GOPAL NAGAR,500','WHEAT','SHIP'),(18,'MOHAMMAD','GOPAL NAGAR,501','RICE','SHIP'),(19,'XAVIER','GOPAL NAGAR,502','BRUSH','SHIP'),(20,'ZARA','GOPAL NAGAR,503','PASTE','SHIP'),(21,'ZOYA','SHANTI NAGAR','CURTAINS',NULL),(22,'SAMANTA','SHANTI NAGAR,102','BED',NULL),(23,'MOHAN','SHANTI NAGAR,105','WATER POUCH',NULL);
/*!40000 ALTER TABLE `VOLUNTEER` ENABLE KEYS */;
UNLOCK TABLES;

--
-- Table structure for table `WAREHOUSE`
--

DROP TABLE IF EXISTS `WAREHOUSE`;
/*!40101 SET @saved_cs_client     = @@character_set_client */;
/*!50503 SET character_set_client = utf8mb4 */;
CREATE TABLE `WAREHOUSE` (
  `W_ID` int NOT NULL,
  `ADDRESS` varchar(100) DEFAULT NULL,
  `ITEM` varchar(25) DEFAULT NULL,
  `CONTACT_NUMBER` char(10) DEFAULT NULL,
  `V_ID` int DEFAULT NULL,
  PRIMARY KEY (`W_ID`),
  KEY `V_ID` (`V_ID`),
  CONSTRAINT `WAREHOUSE_ibfk_2` FOREIGN KEY (`V_ID`) REFERENCES `VOLUNTEER` (`V_ID`)
) ENGINE=InnoDB DEFAULT CHARSET=utf8mb4 COLLATE=utf8mb4_0900_ai_ci;
/*!40101 SET character_set_client = @saved_cs_client */;

--
-- Dumping data for table `WAREHOUSE`
--

LOCK TABLES `WAREHOUSE` WRITE;
/*!40000 ALTER TABLE `WAREHOUSE` DISABLE KEYS */;
INSERT INTO `WAREHOUSE` VALUES (1,'BORIVALI,INDIA','BRUSH','8703540046',1),(2,'ANDHERI,INDIA','PASTE','1597681378',2),(3,'POWAI,INDIA','POWDER','8077593483',3),(4,'BANGALORE,INDIA','BOOKS','2614338032',4),(5,'BORIVALI,INDIA','BRUSH','9655377643',1),(6,'ANDHERI,INDIA','BRUSH','9333810017',1),(7,'POWAI,INDIA','PASTE','6799330313',3),(8,'BANGALORE,INDIA','PENS','4652285823',6);
/*!40000 ALTER TABLE `WAREHOUSE` ENABLE KEYS */;
UNLOCK TABLES;
/*!40103 SET TIME_ZONE=@OLD_TIME_ZONE */;

/*!40101 SET SQL_MODE=@OLD_SQL_MODE */;
/*!40014 SET FOREIGN_KEY_CHECKS=@OLD_FOREIGN_KEY_CHECKS */;
/*!40014 SET UNIQUE_CHECKS=@OLD_UNIQUE_CHECKS */;
/*!40101 SET CHARACTER_SET_CLIENT=@OLD_CHARACTER_SET_CLIENT */;
/*!40101 SET CHARACTER_SET_RESULTS=@OLD_CHARACTER_SET_RESULTS */;
/*!40101 SET COLLATION_CONNECTION=@OLD_COLLATION_CONNECTION */;
/*!40111 SET SQL_NOTES=@OLD_SQL_NOTES */;

-- Dump completed on 2022-11-11 10:03:11
